148,148,149,436,437,438,439,149,149,540,540,540,540,540,540,540,540,540,540,540,540,540,540,540,504,504,504,504,504,504,504,504,504,504,505,148,184,184,148,148,148,148,148,148,184,436,437,438,439,148,148,148,148,148,184,184,184,184,148,148,184,184,148,148,148,148,148,148,184,148,148,184,184,436,437,438,439,184,436,437,438,439,148,148,148,148,184,1073742440,1073742441,1073742442,148,184,184,1073742440,1073742441,1073742442,148,184,184,148,148,148,148,148,148,148,148,148,148,184,184,184,184,184,184,184,148,148,148,184
148,184,184,472,473,474,475,184,148,148,148,184,436,437,438,148,148,148,148,184,184,184,184,184,540,540,540,540,540,540,540,540,540,436,437,438,439,184,148,184,184,184,184,184,182,472,473,474,475,184,436,437,438,439,148,148,148,148,148,148,148,148,436,437,438,439,184,184,148,184,184,184,184,472,473,474,475,184,472,473,474,475,184,184,184,184,182,1073742404,1073742405,1073742406,184,184,184,1073742404,1073742405,1073742406,148,148,148,184,184,184,148,148,148,184,184,184,184,148,182,184,148,184,184,184,184,184,148,148
184,470,471,508,544,544,473,436,436,437,436,437,472,473,474,436,437,438,148,148,148,148,148,184,184,148,184,184,184,184,182,182,182,472,473,474,475,184,184,182,182,182,182,182,182,182,182,182,182,182,472,473,474,475,184,184,184,184,184,184,184,184,472,473,474,475,436,437,438,439,148,184,182,182,182,182,182,182,182,182,148,184,184,182,182,182,182,1073742368,1073742369,1073742370,148,184,184,1073742368,1073742369,1073742370,184,184,184,184,182,182,184,1073742440,1073742441,1073742442,182,148,148,148,148,148,148,184,182,182,184,184,148,184
184,506,507,508,509,544,182,182,182,182,182,182,182,182,182,472,473,474,184,184,184,268,268,148,148,184,184,182,182,182,182,182,182,268,268,182,182,182,182,182,182,182,182,182,182,182,182,182,182,182,182,182,182,182,182,182,182,182,182,182,182,182,182,182,182,182,472,473,474,475,184,184,182,182,182,182,182,182,182,182,184,184,182,182,182,182,182,182,182,182,184,184,182,182,182,182,182,182,182,182,182,182,182,1073742404,1073742405,1073742406,148,184,184,184,184,184,184,184,182,544,545,546,148,184
148,542,543,544,545,544,182,182,182,182,182,182,182,182,182,182,254,255,291,291,291,304,304,184,184,184,182,182,182,182,182,291,291,304,304,257,257,257,257,257,257,257,257,257,257,257,257,257,257,257,257,257,257,182,182,182,182,182,182,182,182,182,182,182,182,182,182,182,182,182,182,182,182,182,182,182,182,182,182,182,182,182,182,182,182,182,182,182,182,182,182,182,182,182,182,182,182,182,182,182,182,182,182,1073742368,1073742369,1073742370,184,184,182,182,182,182,182,182,182,580,581,582,148,148
148,578,579,544,545,544,508,182,182,182,182,182,182,218,219,182,182,327,292,292,268,340,292,292,182,182,182,182,182,182,291,291,327,340,340,270,267,268,269,270,267,268,269,270,267,268,269,270,267,268,269,270,267,182,182,182,182,182,182,182,182,182,182,182,182,182,182,182,182,182,182,182,182,182,182,182,220,221,222,182,182,182,182,182,182,182,182,182,220,221,222,182,182,182,182,182,182,182,182,182,182,182,182,182,182,182,182,182,182,182,182,182,182,509,510,616,617,618,148,148
148,148,580,581,544,544,544,508,182,182,182,182,182,254,255,291,291,291,257,257,304,304,292,292,257,182,182,182,182,291,291,327,303,304,304,306,303,304,305,306,303,304,305,306,303,304,305,306,303,304,305,306,303,182,182,182,182,182,182,182,182,182,182,182,182,182,182,182,182,182,182,182,182,182,291,291,256,257,258,255,256,257,258,255,256,257,258,258,255,256,257,258,182,182,182,182,182,182,182,182,182,182,182,182,182,182,182,182,182,182,182,182,182,545,546,148,148,184,148,148
184,148,616,617,442,443,544,544,182,182,182,182,182,326,327,292,292,292,268,269,340,340,340,269,270,182,182,182,182,291,327,291,339,340,340,342,339,340,341,342,339,340,341,342,339,340,341,342,339,340,341,342,339,182,182,182,182,182,182,182,182,182,182,182,182,182,182,182,182,182,182,182,182,182,291,291,268,269,270,267,268,269,270,267,268,269,270,267,268,269,270,267,182,182,182,182,182,182,182,182,182,182,182,182,182,182,182,182,182,182,182,182,508,508,508,509,510,148,184,148
148,148,184,184,478,479,440,441,442,443,182,182,182,362,363,292,291,303,304,305,306,303,304,305,306,182,182,182,182,327,327,291,375,376,377,378,375,376,377,378,375,376,377,378,375,376,377,378,375,376,377,378,375,182,220,221,222,182,182,182,220,221,222,182,182,182,182,182,182,182,182,182,182,182,327,291,291,305,306,303,304,305,306,303,281,305,306,303,304,305,306,303,182,182,182,182,182,182,182,182,182,182,182,182,182,182,182,182,182,182,182,182,508,508,544,545,546,148,148,184
184,148,148,148,506,544,476,477,478,479,443,182,182,398,399,182,327,291,340,341,342,339,340,341,342,182,182,182,182,291,291,291,267,268,269,270,267,268,269,270,267,268,269,270,267,268,269,270,267,268,269,270,267,256,257,257,257,257,257,257,257,257,257,257,257,256,257,258,182,182,182,182,182,182,182,291,291,341,342,339,340,315,281,281,281,281,342,339,340,341,342,339,182,182,182,182,182,182,182,182,182,182,182,182,182,182,182,182,182,182,182,182,544,508,182,544,184,184,148,148
148,148,148,184,542,544,512,513,514,515,479,182,182,182,182,182,363,292,291,377,378,375,376,377,378,182,182,182,182,327,291,291,303,304,305,306,303,304,305,306,303,304,305,306,303,304,305,306,303,304,305,306,267,268,269,270,267,268,269,270,267,268,269,270,267,268,269,270,182,182,182,182,182,182,291,291,327,377,378,375,376,351,353,353,317,318,378,375,376,377,378,375,182,182,182,182,182,182,182,182,182,182,182,182,182,182,182,182,182,509,510,148,184,544,476,148,184,184,148,184
148,184,148,148,514,515,548,549,550,551,479,182,182,182,182,182,182,291,292,269,270,267,268,269,270,182,182,182,182,182,327,327,291,340,341,342,339,340,341,342,339,340,341,342,339,340,341,342,339,340,341,342,303,304,305,306,303,304,305,306,303,304,279,282,303,304,305,306,182,182,182,182,182,291,291,327,268,269,270,267,268,315,317,316,317,318,270,267,268,269,270,267,182,182,182,182,182,182,182,182,182,182,182,182,182,182,182,182,182,545,546,184,508,182,182,182,184,184,148,148
148,470,471,508,550,551,544,508,184,184,182,182,182,182,182,182,182,327,292,305,306,303,304,305,306,182,182,182,182,182,182,291,291,376,377,378,375,376,377,378,375,376,377,378,375,376,377,378,375,376,377,378,339,340,341,342,339,340,341,342,339,340,315,318,339,281,281,342,182,182,182,182,182,327,291,291,304,305,306,303,304,351,353,352,353,354,306,303,304,305,306,303,182,182,182,182,182,182,220,221,222,182,182,182,182,182,182,182,182,182,182,508,544,182,182,182,182,474,475,148
148,506,507,544,544,544,544,544,182,182,182,182,182,182,182,182,255,292,340,341,342,339,340,341,342,182,182,182,182,182,182,291,327,268,269,270,267,268,269,270,267,268,269,270,267,268,269,270,267,268,269,270,375,376,377,378,375,376,377,378,375,376,351,316,353,316,317,281,281,182,182,182,182,182,327,291,281,281,342,315,281,316,317,316,317,316,353,339,340,341,342,255,256,257,258,257,258,255,256,257,258,182,182,182,182,182,182,182,182,182,182,544,182,182,182,182,544,510,511,148
184,542,543,544,508,508,184,184,182,182,182,182,182,182,182,182,327,292,376,377,378,375,376,377,378,256,257,257,257,257,257,327,303,304,305,306,303,304,305,306,303,304,305,306,303,304,305,306,303,304,305,306,267,268,226,270,267,268,269,270,267,268,269,315,353,352,353,352,353,182,182,182,182,182,291,291,376,377,378,351,353,352,353,352,353,352,353,353,353,353,267,268,269,270,267,268,269,270,267,268,269,182,182,182,182,182,182,182,182,182,182,544,182,182,182,508,182,546,547,184
148,578,579,508,544,544,182,182,182,182,182,182,182,182,182,182,327,292,291,269,270,267,268,269,270,267,268,269,270,267,268,269,339,267,268,269,270,267,268,269,270,267,268,269,270,267,268,269,270,267,268,269,303,226,226,306,226,226,226,226,226,304,305,351,353,316,317,316,317,182,182,182,182,291,291,327,281,281,281,353,268,316,317,316,317,316,353,353,243,353,353,243,244,245,246,304,305,306,303,304,305,182,182,182,182,182,182,182,182,182,182,182,182,182,508,182,182,476,475,184
470,471,508,544,442,443,182,182,182,182,182,182,182,182,182,182,291,292,292,305,306,303,304,305,306,303,304,305,306,303,304,305,306,303,304,305,306,303,304,305,306,303,304,305,306,303,304,305,306,303,304,305,224,225,364,364,365,226,226,226,268,269,279,352,353,352,353,352,353,269,182,182,291,291,327,303,304,315,317,316,317,352,353,352,353,352,353,352,279,279,279,353,353,244,245,246,341,342,339,340,341,182,182,182,182,182,182,182,182,182,182,182,182,182,544,182,182,510,511,184
506,507,544,544,478,479,182,182,182,182,182,182,182,182,182,182,327,292,292,341,342,339,340,341,342,339,340,341,342,339,340,341,342,339,340,341,342,339,340,341,342,339,340,341,342,339,340,226,226,339,340,341,260,261,182,182,182,262,263,327,304,305,315,316,317,316,317,316,317,305,182,182,291,327,268,269,270,315,353,352,353,316,317,316,317,316,317,316,352,353,352,353,279,353,281,282,377,378,375,376,377,182,220,221,220,221,222,182,182,182,182,182,182,182,544,508,182,546,547,184
542,543,544,508,184,182,182,182,182,182,182,182,182,182,182,182,327,292,376,377,378,375,376,377,378,375,376,377,378,375,376,377,378,375,376,377,378,375,376,377,378,375,376,377,378,375,376,377,378,226,376,377,296,297,220,220,221,298,299,339,340,341,351,352,353,352,353,352,353,341,182,291,281,281,281,281,306,351,317,316,317,352,353,352,353,352,353,352,316,317,316,317,316,353,316,317,269,270,267,268,256,257,257,257,257,257,257,182,182,182,182,182,182,182,544,544,508,148,148,184
578,579,442,443,182,182,182,182,182,255,257,258,256,257,257,257,292,267,268,269,270,267,268,269,270,267,268,269,270,267,268,269,270,267,268,269,270,267,268,269,270,267,268,269,270,267,268,269,226,226,268,269,332,333,256,226,257,334,226,375,376,377,378,315,317,316,317,316,317,377,291,291,327,353,353,353,353,353,353,352,353,316,317,316,317,316,317,316,352,353,352,353,352,353,352,353,353,306,303,304,305,303,304,305,306,303,304,182,182,182,182,182,182,182,182,544,-1610612264,-1610612300,148,184
184,148,470,471,182,182,182,182,255,257,257,257,257,257,292,292,292,292,304,305,306,303,353,353,306,303,304,305,306,303,304,305,306,303,304,305,306,303,304,305,306,303,304,305,306,303,304,305,226,226,226,226,226,226,226,226,226,226,226,267,353,269,270,351,317,316,317,316,317,281,281,281,281,353,353,316,317,353,317,316,317,352,353,352,353,352,353,352,316,317,316,317,316,317,316,317,353,353,339,340,341,339,340,341,342,339,340,267,268,182,182,182,182,182,182,148,-1610612263,-1610612299,148,184
148,148,506,507,182,182,182,182,291,267,292,292,292,267,268,269,292,292,268,269,303,353,353,353,353,304,305,306,303,304,305,306,303,339,340,341,342,339,340,341,342,339,340,341,342,339,340,341,342,339,340,341,342,304,305,306,303,304,305,303,304,305,306,315,353,352,353,352,353,352,353,352,353,352,353,352,353,352,353,352,353,316,317,316,317,316,317,316,352,353,352,353,352,353,352,353,353,353,353,353,378,375,376,377,378,375,376,303,304,182,182,182,182,182,182,508,-1610612262,-1610612298,148,184
148,184,542,543,182,182,182,255,291,303,304,305,306,292,304,292,306,303,304,305,339,340,353,342,353,353,341,342,339,340,341,342,339,375,376,377,378,375,376,377,378,375,376,377,378,375,376,377,378,375,376,377,378,340,341,342,339,340,341,339,340,341,342,315,317,316,353,353,317,316,317,316,317,316,317,316,317,316,317,316,317,352,353,352,353,352,353,352,316,317,316,317,316,317,316,317,353,353,353,353,270,267,268,269,270,267,268,339,340,182,182,182,182,182,508,510,511,-1610612297,148,184
184,148,506,507,148,182,255,292,293,339,340,341,342,339,340,341,353,339,353,353,353,353,353,378,353,353,353,226,226,376,377,378,375,267,268,269,270,267,268,269,270,267,268,269,270,267,268,269,270,267,268,269,270,376,377,378,375,376,377,279,281,282,378,351,353,352,353,353,353,352,353,352,353,352,353,352,353,352,353,352,353,316,317,316,317,316,316,317,316,317,316,317,316,317,304,305,306,353,304,305,306,353,353,317,318,303,304,182,182,182,182,182,182,182,544,546,547,148,184,148
148,148,506,507,508,182,327,328,329,375,376,377,378,375,376,377,353,353,376,353,353,353,353,270,267,268,353,353,267,268,269,270,267,303,304,305,306,303,304,305,306,303,304,305,306,303,304,305,306,303,304,305,306,268,269,270,267,268,269,315,268,315,353,316,317,316,317,316,317,316,317,316,317,316,317,316,317,316,317,316,317,353,352,353,352,353,352,353,352,353,352,353,352,316,280,280,280,280,280,353,353,353,317,353,354,339,340,182,182,182,182,182,510,511,544,508,510,511,504,505
148,184,542,543,544,508,363,328,329,291,268,269,270,267,268,269,353,353,353,353,303,353,353,306,303,353,353,306,303,304,305,306,303,339,340,341,342,339,340,341,342,339,340,341,342,339,340,341,342,339,340,341,342,304,305,306,303,304,305,351,304,315,316,352,353,352,353,352,353,352,353,352,353,352,353,352,353,352,353,352,353,317,316,317,316,317,316,317,316,317,316,317,316,352,353,353,353,353,353,352,353,352,317,318,378,375,376,182,182,182,182,182,546,547,184,544,546,547,504,505
184,148,148,148,544,544,182,363,292,292,293,305,306,303,304,305,353,353,353,353,353,353,353,353,353,340,341,342,339,340,341,342,339,340,341,226,339,340,341,342,339,340,341,342,339,340,341,342,339,340,341,342,339,340,341,342,339,340,341,315,339,351,352,316,317,316,317,316,317,316,317,316,317,316,317,316,317,316,317,316,317,353,352,353,352,353,352,353,352,353,352,353,352,316,317,316,317,316,317,316,317,316,353,354,270,267,268,182,182,182,182,182,510,511,184,182,546,547,504,505
184,148,148,148,506,507,182,182,327,328,329,293,342,339,340,353,353,353,353,353,375,353,353,378,375,376,377,378,375,376,377,378,375,376,377,378,375,376,377,378,375,376,377,378,315,376,377,-1610612383,375,376,377,378,375,376,377,378,375,376,377,387,388,352,353,316,317,248,249,250,251,316,316,316,316,352,352,352,353,316,316,317,316,317,316,317,316,317,316,317,316,317,316,317,316,352,353,352,353,352,353,352,353,352,353,353,353,303,304,182,182,182,182,182,546,547,182,182,510,511,505,541
184,184,148,148,542,543,182,182,327,293,293,377,378,375,376,353,353,353,353,353,353,353,269,270,267,268,269,270,267,268,269,270,267,268,269,270,267,268,269,270,267,268,269,270,351,-1610612383,269,-1610612383,-1610612383,268,269,270,267,268,269,270,267,268,269,270,352,353,269,352,353,284,285,286,287,316,317,316,317,316,316,352,353,316,317,353,352,353,352,353,352,353,352,353,352,353,352,353,352,316,317,316,317,316,317,316,317,316,317,318,342,339,340,182,182,182,182,182,182,182,182,182,546,547,505,184
184,148,148,148,148,506,507,182,327,267,268,269,270,267,268,269,270,267,268,269,353,304,305,306,303,304,305,306,303,304,353,353,303,304,305,306,303,304,305,306,303,304,305,306,-1610612383,-1610612383,305,306,303,304,305,306,303,304,305,306,303,304,305,353,352,353,316,316,317,320,321,322,323,352,353,352,353,352,352,352,353,317,353,316,316,317,316,317,316,317,316,317,316,152,153,153,316,352,353,352,353,352,353,352,353,352,353,354,378,317,318,182,182,182,182,182,182,182,182,182,510,511,505,148
148,184,148,148,184,542,543,182,327,328,329,305,306,303,304,305,306,303,304,305,339,340,341,342,339,340,353,342,339,353,353,353,353,340,341,342,339,340,341,342,339,340,341,-1610612383,-1610612383,340,341,342,339,340,341,342,339,340,341,342,339,340,341,342,352,316,352,352,353,356,357,358,359,316,317,316,317,316,249,250,249,250,317,352,352,353,352,353,352,353,352,152,153,153,153,189,352,316,317,316,317,316,317,316,317,316,317,316,353,353,354,182,182,182,182,182,182,182,182,182,546,547,541,148
184,184,148,148,182,506,507,182,327,328,329,341,342,339,340,341,342,339,340,341,375,376,377,378,353,376,353,353,353,353,353,353,353,376,377,378,375,376,377,378,375,376,-1610612383,-1610612383,-1610612383,-1610612383,-1610612383,-1610612383,375,376,377,378,375,376,377,378,353,353,377,378,316,352,353,316,317,316,317,316,353,352,353,352,248,249,285,285,285,286,250,251,317,352,353,316,316,317,316,152,153,189,152,153,153,153,353,352,353,352,353,352,353,352,353,352,353,353,353,182,182,182,182,182,182,182,182,182,544,-1610612264,-1610612300,184
184,148,148,148,148,506,507,182,291,293,376,377,378,375,376,377,378,375,376,377,267,268,269,270,353,268,353,353,353,353,269,353,267,268,269,270,267,268,269,270,267,-1610612383,-1610612383,-1610612383,-1610612383,268,269,-1610612383,267,226,226,270,267,268,269,353,353,268,269,270,352,352,353,352,353,352,353,352,317,316,317,248,249,285,321,321,321,285,286,287,353,316,317,352,153,153,153,153,153,246,247,248,249,189,153,316,317,316,317,316,317,316,317,316,353,339,340,182,182,182,182,182,182,182,182,182,544,-1610612263,-1610612299,184
184,184,148,148,184,542,543,182,327,293,268,269,270,267,268,269,270,267,268,269,303,304,305,306,303,353,353,353,353,353,353,306,303,304,305,306,303,304,353,-1610612383,-1610612383,-1610612383,305,306,-1610612383,-1610612383,-1610612383,306,303,304,226,306,303,304,305,353,303,304,305,306,352,353,353,317,317,316,317,316,353,352,353,284,285,321,321,322,285,286,286,287,317,352,353,152,153,153,153,189,153,286,287,288,289,189,189,352,353,352,353,352,353,353,353,353,353,353,376,182,182,182,182,182,182,182,510,511,505,-1610612262,-1610612298,184
184,184,148,470,471,182,182,182,327,291,304,293,306,303,304,305,306,303,304,305,339,340,341,342,339,353,353,353,353,340,341,342,339,340,341,342,339,340,341,353,-1610612383,-1610612383,-1610612383,342,339,-1610612383,341,342,339,340,341,342,339,340,341,226,226,340,353,342,353,353,352,353,353,352,353,352,317,316,317,284,285,286,286,286,286,286,322,323,353,316,152,153,153,246,247,248,249,572,572,572,288,289,189,316,317,316,317,353,353,316,317,316,353,267,268,182,182,182,182,182,182,182,546,547,508,-1610612261,-1610612297,148
182,148,148,506,507,182,182,362,363,292,293,292,293,292,293,293,342,339,340,341,375,376,377,378,375,353,353,378,375,376,377,378,375,376,377,378,375,376,377,378,-1610612383,376,-1610612383,-1610612383,-1610612383,376,377,378,375,376,377,378,375,376,377,353,375,376,353,353,353,353,353,317,317,353,353,316,317,317,316,284,321,286,322,322,322,322,357,316,317,352,152,153,246,247,287,288,289,573,572,573,328,329,189,317,316,317,353,317,267,268,304,305,306,303,304,182,182,182,182,182,182,182,510,511,544,184,184,148
148,148,148,542,543,182,182,398,399,363,329,328,329,328,329,267,268,269,270,267,267,268,269,270,267,268,269,270,267,268,269,270,267,268,226,226,226,268,269,270,267,268,-1610612383,270,267,268,269,270,267,268,269,278,279,353,353,353,353,226,353,353,353,316,353,353,317,316,316,317,353,353,316,284,285,285,285,285,286,287,317,352,353,316,152,153,286,287,613,572,573,613,573,573,368,369,189,153,352,353,353,353,303,304,340,341,342,339,340,182,182,182,182,182,182,182,546,547,544,475,184,184
148,148,184,578,579,182,182,182,398,399,327,292,293,293,293,303,304,305,306,303,303,304,305,306,303,304,305,306,303,304,305,306,303,226,226,306,303,304,305,306,303,304,305,306,303,304,305,306,303,304,305,314,315,353,316,317,316,353,353,353,353,353,316,317,353,352,317,353,316,317,316,320,321,321,321,285,286,323,353,316,317,352,188,246,247,327,613,572,573,573,572,573,573,188,189,189,316,317,353,353,339,340,182,182,182,182,182,182,182,182,182,182,182,182,510,511,544,508,184,148
148,1073742402,1073742403,182,182,182,182,182,182,182,362,363,329,292,293,339,340,341,342,339,339,340,341,342,339,340,341,342,339,340,341,226,226,340,341,342,339,340,341,342,339,340,341,342,339,340,341,342,339,340,353,350,351,353,352,353,352,353,352,353,353,316,353,353,317,316,317,316,316,317,316,317,357,357,285,286,286,287,316,317,316,152,153,286,287,573,573,573,573,613,573,573,573,317,248,152,153,153,316,353,353,376,182,182,182,182,182,182,182,182,182,182,182,182,546,547,510,511,148,184
184,1073742366,1073742367,182,182,182,182,182,182,182,398,399,362,363,329,375,376,377,378,375,375,376,377,378,375,376,226,226,226,226,226,378,375,376,377,378,375,376,377,378,375,376,377,378,375,376,377,378,314,315,353,386,387,353,316,317,316,317,316,317,353,352,316,317,353,352,316,316,352,353,352,353,352,353,321,322,322,323,352,353,352,152,189,326,327,573,613,573,613,573,613,572,573,572,288,289,189,189,352,353,267,268,182,182,182,182,182,182,182,182,182,182,182,182,182,508,546,547,148,184
184,1073742330,1073742331,182,182,182,182,182,182,182,182,182,398,399,327,291,268,269,270,267,267,268,269,270,226,226,269,270,267,268,269,270,267,268,269,270,267,268,269,270,267,268,269,270,267,268,269,270,350,351,269,353,353,353,352,353,352,353,352,353,317,316,317,316,317,316,316,352,316,317,316,317,316,317,356,357,358,317,316,317,316,152,326,327,573,613,612,613,612,572,573,572,573,573,328,329,189,153,316,317,303,304,182,182,182,182,182,182,182,182,182,182,182,182,508,544,582,583,505,184
148,148,149,506,507,182,182,182,182,182,182,182,182,182,327,292,293,305,306,303,303,304,305,306,303,304,305,306,303,304,305,306,303,304,305,306,303,304,305,306,303,304,305,306,303,304,305,306,303,314,315,353,353,353,316,317,316,317,316,317,353,352,353,352,353,352,352,353,352,353,352,353,352,353,352,353,352,353,352,353,152,153,366,367,189,654,326,327,572,572,572,573,613,613,368,369,188,189,352,353,339,340,182,182,182,182,182,182,182,182,182,182,182,182,544,547,540,504,504,505
148,184,185,542,543,182,182,182,182,182,182,182,182,255,292,328,329,341,342,339,339,340,341,342,339,340,341,342,339,340,341,342,339,340,341,342,339,340,341,342,339,340,341,342,339,340,341,342,339,350,351,342,352,353,352,353,352,353,541,542,543,544,316,317,316,317,352,353,316,317,316,317,316,317,316,317,316,317,316,152,152,152,152,152,189,189,366,326,327,612,612,613,316,317,188,188,189,317,316,317,375,376,182,182,182,182,182,182,182,182,182,182,182,182,544,508,182,540,504,505
184,184,185,184,148,148,182,182,182,182,182,182,182,327,328,329,376,377,378,375,375,376,377,378,375,376,377,378,375,376,377,378,375,376,377,378,375,376,377,378,375,376,377,378,375,376,377,378,375,376,377,353,353,317,316,317,316,317,375,582,582,584,352,353,352,353,353,317,352,353,352,353,352,353,352,353,352,353,352,188,188,188,188,188,152,153,189,366,367,326,327,572,573,574,188,189,352,353,352,353,267,268,182,182,182,182,182,182,182,182,182,182,182,182,544,544,508,184,504,504
148,184,148,184,184,148,506,507,182,182,182,182,182,363,328,329,268,269,270,267,267,268,269,270,267,268,269,270,267,268,269,270,267,268,269,270,267,268,269,270,267,268,269,270,267,268,269,270,267,314,315,353,353,353,352,353,352,353,375,622,582,583,542,544,316,317,353,317,316,152,153,317,316,317,316,317,316,317,316,317,316,317,316,152,152,152,153,152,189,366,367,572,573,189,189,189,316,317,316,317,303,304,182,182,182,182,182,182,182,182,182,182,182,182,182,544,544,508,504,505
184,148,148,148,149,148,506,507,182,182,182,182,182,182,291,327,304,305,267,268,303,304,305,306,303,304,305,306,303,304,305,306,303,304,305,306,303,304,305,306,303,304,305,306,303,304,305,306,303,350,351,353,353,353,316,317,316,317,335,582,583,582,622,664,352,353,353,353,352,188,152,152,153,353,352,353,352,353,352,353,352,353,152,188,188,152,152,153,189,189,326,327,613,189,188,189,352,353,352,353,339,318,256,257,257,256,257,257,257,257,257,182,182,182,182,182,544,544,504,505
184,184,148,184,185,148,542,543,182,182,182,182,182,182,327,327,291,257,303,304,339,340,341,342,339,340,341,342,339,340,341,342,339,340,341,342,339,340,341,342,339,340,341,342,339,340,341,342,339,353,341,353,352,353,352,353,352,353,661,255,582,622,330,317,316,317,352,316,152,188,188,152,152,152,153,317,316,317,316,317,316,317,188,188,189,188,188,189,189,189,366,367,189,189,189,317,316,317,316,317,317,318,270,256,257,257,257,267,268,269,270,182,182,182,182,182,182,182,540,504
184,148,148,148,184,184,182,182,182,182,182,182,182,182,182,327,327,291,268,269,270,267,268,269,270,376,377,378,375,376,377,378,375,376,377,378,375,376,377,378,375,376,377,378,375,376,377,314,315,353,353,353,316,317,353,353,316,317,414,415,583,583,370,353,352,353,317,316,188,188,189,1610612985,1610613025,188,189,353,352,353,352,353,352,353,352,353,352,353,152,152,153,152,189,153,188,188,189,353,352,353,352,353,353,318,306,303,304,305,306,303,304,305,306,182,182,182,182,182,182,182,182,504
184,184,148,506,507,182,182,182,182,182,182,182,182,182,182,291,327,291,304,305,306,303,304,305,306,268,269,270,267,268,269,270,267,268,269,270,267,268,269,270,267,268,269,270,267,268,269,350,351,353,353,353,352,353,353,353,352,414,454,455,583,623,582,543,544,317,353,152,152,152,1610612985,1610612984,1610613024,248,249,317,316,317,316,317,316,317,316,317,152,152,152,188,189,188,189,189,188,189,316,317,316,317,316,353,353,354,342,339,340,341,342,339,340,508,508,508,508,182,182,182,182,182,182,540
184,184,148,542,543,182,182,182,182,182,182,182,182,182,182,327,291,327,340,341,342,339,340,226,342,304,305,306,303,304,305,306,303,304,305,306,303,304,305,306,303,304,305,306,303,304,314,315,353,304,353,353,353,317,316,317,414,454,455,583,583,623,583,583,623,330,317,188,152,153,1610612984,1610613024,343,288,289,153,352,353,352,353,352,353,352,353,188,188,188,188,189,353,412,413,352,353,352,353,352,353,352,353,353,318,378,375,376,377,378,375,376,544,508,508,544,182,182,182,182,182,182,184
184,148,148,506,507,182,182,182,182,182,182,182,182,182,182,327,291,375,376,377,378,375,376,377,226,340,341,342,339,340,341,342,339,340,341,342,339,340,341,342,339,226,341,342,339,340,350,351,353,353,353,353,352,353,353,353,454,455,582,582,582,582,583,623,622,370,152,188,152,1610612985,1610613025,382,383,384,153,189,152,153,316,317,316,317,316,317,316,317,316,317,316,317,316,317,316,317,316,317,316,317,316,317,317,354,270,267,268,269,270,267,508,544,544,544,182,182,182,182,182,182,182,182
184,148,184,542,543,182,182,255,256,257,257,257,257,257,256,327,327,267,268,269,270,267,268,269,226,376,377,378,375,376,377,378,375,376,377,378,375,376,377,378,375,376,377,378,375,376,377,378,375,314,315,353,316,317,316,317,375,582,622,622,622,582,583,662,663,664,188,189,188,1610612984,1610613024,612,342,343,344,153,248,249,153,353,352,353,352,353,352,353,352,353,352,353,352,353,352,353,352,353,352,353,352,353,353,318,306,303,304,305,306,303,544,544,508,508,182,182,182,182,182,182,182,182
148,148,184,506,507,182,182,291,292,268,269,270,267,268,269,270,267,303,304,305,306,303,304,305,226,226,269,270,267,268,269,270,267,268,269,270,267,268,269,270,267,268,269,270,267,268,226,270,267,350,351,353,352,353,352,353,352,622,622,582,583,582,624,317,316,317,353,352,152,188,189,613,382,383,384,287,288,289,152,153,316,317,316,317,316,317,316,317,316,317,316,317,316,317,316,317,316,317,316,317,317,354,342,339,340,341,342,339,340,544,508,508,182,182,182,182,182,182,182,148
148,436,437,506,507,182,182,291,291,304,305,306,303,304,305,306,303,339,340,341,342,339,340,341,342,226,305,306,303,304,305,306,303,304,305,306,303,304,305,306,303,304,305,306,303,304,305,226,226,353,305,353,316,317,316,317,316,317,316,335,583,583,583,582,330,353,316,1610612985,1610613025,189,572,612,613,342,382,287,288,289,153,153,316,317,316,317,316,317,316,317,316,317,316,317,316,317,316,317,316,317,353,387,389,390,378,375,376,377,378,375,376,377,544,544,182,182,182,182,182,182,182,148
148,472,473,508,508,182,182,327,291,340,341,342,339,340,341,342,339,375,376,377,378,375,376,377,378,340,341,342,339,340,341,342,339,340,341,342,339,340,341,342,226,340,341,342,339,340,341,342,353,353,353,353,352,353,352,353,352,353,352,335,582,582,582,622,330,317,352,1610612984,1610613024,343,344,612,342,343,344,384,344,248,249,189,352,353,352,353,352,353,352,353,352,353,352,353,352,353,352,353,352,353,318,267,268,269,270,267,268,269,270,267,268,269,270,182,182,182,182,182,544,545,546,148
504,505,182,182,182,255,256,291,293,294,377,378,375,376,377,378,375,267,268,269,270,267,268,282,283,376,377,378,375,376,377,378,375,376,377,378,375,376,377,378,375,226,377,378,375,376,377,378,375,353,353,353,316,317,316,317,316,317,316,375,622,622,622,622,370,353,152,326,327,243,384,343,344,344,384,287,287,288,289,152,153,317,316,317,316,317,316,317,316,317,316,317,316,317,316,317,316,353,353,318,304,305,306,303,304,305,306,303,304,305,306,182,182,182,182,182,580,581,582,148
540,541,505,506,507,291,292,292,292,293,269,270,267,268,269,270,267,303,304,305,306,303,304,322,323,268,269,270,267,268,269,270,267,268,269,270,267,268,269,270,267,226,269,270,267,268,269,270,353,353,316,317,352,353,352,353,352,353,352,353,316,317,316,317,316,317,188,366,367,283,536871200,241,242,243,382,383,384,287,288,289,189,353,352,353,352,353,352,353,352,353,352,353,352,353,352,353,353,318,267,268,353,318,267,339,340,508,342,339,340,341,342,182,182,182,182,510,511,617,618,184
540,541,541,542,543,327,328,328,328,329,305,306,303,304,305,306,303,339,340,282,282,283,284,362,363,304,305,306,242,243,243,306,303,304,305,306,303,304,305,306,303,226,226,306,303,304,305,353,353,304,352,353,316,317,316,317,316,317,316,317,316,317,316,317,316,317,316,188,322,323,536871201,281,282,283,536871200,382,383,287,288,289,152,153,316,317,316,317,316,317,316,317,316,317,316,317,316,317,316,317,353,353,305,318,303,508,376,508,378,375,376,377,378,182,182,182,182,546,547,184,148,184
540,541,508,578,579,327,328,292,293,340,341,342,339,340,341,342,339,375,376,377,322,323,324,377,378,340,341,342,322,323,324,342,339,340,341,342,339,340,341,342,339,340,226,226,314,315,353,353,353,353,353,353,352,353,352,353,352,353,352,353,352,353,352,353,352,353,352,353,352,353,188,189,189,536871161,536871201,572,573,572,152,153,153,153,352,353,352,353,352,353,352,353,352,353,352,353,352,353,317,318,339,340,353,354,339,508,508,508,508,267,268,269,270,182,182,182,182,510,511,184,148,148
540,541,148,148,506,507,364,328,329,376,377,378,375,376,377,378,267,268,269,270,362,363,364,226,270,376,377,378,362,363,364,378,375,376,377,378,375,376,377,378,375,376,377,378,350,351,353,353,353,353,352,353,316,317,316,317,316,317,316,317,316,317,316,317,316,317,316,317,316,317,316,317,188,189,536871160,536871200,288,289,188,189,189,189,316,317,316,317,316,317,316,317,316,317,316,317,316,317,353,354,375,318,377,378,375,544,544,544,544,182,182,182,182,182,182,182,182,546,547,148,148,184
540,541,148,184,542,543,327,293,292,293,269,270,267,268,269,270,303,304,305,306,303,303,304,305,306,268,269,270,282,283,284,270,267,268,269,282,267,268,269,270,267,268,269,270,267,226,269,353,353,353,316,353,316,317,316,317,352,353,352,353,352,353,352,353,352,353,352,244,245,353,352,353,352,188,536871161,536871201,153,153,153,152,153,353,352,353,352,353,352,353,352,353,352,353,352,353,352,353,352,353,318,268,269,270,267,182,182,182,182,182,182,182,182,182,182,182,510,511,184,148,148,148
541,184,506,507,182,218,219,329,328,329,305,306,303,304,305,306,339,340,341,342,339,339,340,341,342,304,305,306,322,323,324,242,243,242,243,322,303,242,243,243,242,243,305,306,303,304,305,306,303,353,353,353,353,353,316,317,316,317,316,317,316,317,316,317,316,317,282,284,285,317,316,317,316,317,188,153,153,153,153,153,153,317,316,317,316,317,316,317,316,317,316,317,316,317,316,317,316,353,353,353,318,306,508,182,182,182,182,182,182,182,182,182,182,182,546,547,148,148,148,184
541,148,542,543,182,254,255,292,293,340,341,342,339,340,341,342,375,376,377,378,375,340,341,342,339,340,242,243,362,363,364,282,283,284,281,362,283,284,281,282,283,284,242,243,339,340,341,342,339,340,352,353,352,353,352,353,352,353,352,353,352,353,352,353,352,353,322,284,285,316,317,316,317,352,188,189,189,189,189,189,189,352,353,352,353,316,317,316,317,316,352,353,352,353,317,318,341,353,353,353,354,342,544,182,182,182,182,182,182,182,182,182,182,475,540,541,184,148,148,184
541,148,506,507,182,290,291,328,329,376,377,378,375,376,377,378,267,268,269,270,267,376,377,378,242,243,321,322,282,283,284,322,323,324,321,322,323,324,321,322,323,324,321,322,375,376,377,378,375,376,377,378,375,353,353,226,316,317,316,317,316,317,316,317,316,317,362,324,284,285,377,378,375,316,317,316,317,316,317,316,317,316,317,316,317,352,353,352,353,352,316,317,316,317,353,354,377,353,375,376,377,378,375,182,182,182,182,182,182,182,182,182,182,511,540,541,184,148,148,184
541,148,542,543,220,326,327,292,293,268,269,270,267,268,269,270,303,304,305,306,303,268,269,282,283,284,282,283,322,323,324,362,363,364,361,410,363,364,361,362,363,364,361,362,267,268,269,270,267,226,226,270,267,268,353,270,352,316,317,353,352,353,352,353,352,316,282,283,324,325,317,316,317,316,317,316,317,316,317,316,317,316,317,316,317,316,317,316,317,316,352,353,352,353,317,316,317,353,318,268,269,270,267,182,182,182,182,182,182,182,182,182,182,540,541,148,184,184,148,184
541,148,542,543,256,257,291,328,329,304,305,306,303,304,305,306,339,340,341,342,339,304,305,306,303,304,401,402,403,404,401,402,403,404,410,450,403,404,401,402,403,404,401,402,303,304,305,306,226,226,305,306,353,304,353,353,316,353,353,353,316,317,316,317,282,283,284,282,284,285,353,352,353,352,353,352,353,352,353,352,353,352,353,352,353,352,353,352,353,352,316,317,316,317,353,352,353,352,354,304,305,306,303,182,182,182,182,182,182,182,182,182,182,182,184,148,184,148,148,184
541,148,506,507,291,291,292,293,291,291,341,342,339,340,341,342,375,376,377,378,375,340,341,342,339,282,283,284,282,410,281,282,283,410,450,282,283,284,281,282,283,284,281,282,339,340,341,281,282,283,284,281,282,283,284,285,353,353,353,353,352,353,352,353,322,323,324,284,285,325,317,316,317,316,317,316,317,316,317,316,317,316,317,316,317,316,317,316,317,316,316,317,316,317,316,317,317,316,339,340,341,342,339,182,182,182,182,182,182,182,182,182,182,182,182,148,184,148,148,184
541,148,542,543,363,291,328,329,292,293,291,378,375,376,377,378,267,268,269,270,267,376,377,378,375,322,323,324,322,450,321,322,323,450,450,322,323,324,162,162,163,324,321,281,282,283,284,281,282,283,284,281,322,323,324,325,316,317,316,353,353,317,316,317,362,363,364,284,285,352,353,352,353,352,353,352,353,352,353,352,353,316,317,316,317,316,317,316,317,352,352,353,352,353,352,353,353,378,375,376,377,378,375,182,182,182,182,182,182,182,182,182,182,182,182,184,184,148,184,182
541,148,184,148,506,507,364,365,328,329,291,291,291,257,257,257,303,304,305,306,303,268,269,270,267,362,363,364,362,363,361,362,363,450,361,362,162,162,202,202,162,163,361,321,322,323,324,321,322,323,324,321,362,363,364,353,267,268,242,243,242,243,242,243,282,283,284,324,325,284,285,316,317,316,317,316,317,316,317,316,317,352,353,352,353,352,353,352,353,316,316,316,317,317,316,353,318,270,267,268,269,270,267,182,182,182,182,182,182,182,182,182,182,182,182,184,184,148,184,182
541,148,182,184,542,543,400,401,182,182,327,292,293,267,268,269,270,267,268,269,270,267,305,306,303,282,283,410,282,283,401,402,403,404,401,402,202,202,202,203,202,162,163,361,362,363,364,361,362,363,364,361,402,403,404,353,303,282,283,284,282,283,284,282,322,323,324,322,284,324,325,285,353,352,353,352,353,352,353,352,353,316,317,316,317,316,317,316,317,352,352,352,353,353,352,353,354,306,303,304,305,306,303,182,182,182,182,182,182,182,182,182,182,182,182,184,148,184,184,182
541,148,182,148,506,507,182,182,182,182,182,327,329,291,304,305,306,303,304,305,306,303,341,282,283,322,323,450,410,410,281,282,281,284,281,282,283,284,281,282,283,162,163,410,410,403,404,401,402,403,404,401,282,283,284,284,281,322,323,324,322,323,324,322,362,363,364,362,324,322,324,325,317,316,317,316,317,316,317,316,317,352,353,352,353,352,353,352,353,316,316,316,317,317,316,317,390,342,353,340,341,342,339,182,182,182,182,182,182,182,182,182,182,182,148,184,148,184,148,148
505,184,182,148,542,543,182,182,254,256,257,291,292,293,340,341,342,339,340,341,342,339,377,322,323,362,363,364,450,450,321,162,162,162,163,322,323,324,321,162,162,163,162,450,450,410,410,281,282,283,284,281,322,323,324,324,321,362,363,364,362,363,364,362,282,283,284,282,364,362,363,353,353,353,353,353,353,376,353,353,353,353,353,316,317,316,317,316,317,376,352,352,353,353,352,353,377,353,353,376,377,378,375,182,182,182,182,182,182,182,182,182,182,182,184,184,184,182,148,148
541,148,148,148,182,182,182,182,290,291,292,293,328,329,376,377,378,375,240,241,242,243,269,362,363,364,362,363,363,364,361,202,202,162,163,362,363,281,282,202,162,162,163,162,450,450,450,410,322,323,324,321,362,363,364,364,410,282,283,284,282,410,284,282,322,323,324,322,284,282,283,353,267,353,269,388,389,268,269,353,353,352,353,352,353,352,353,352,353,268,316,316,317,317,316,317,353,353,269,182,182,182,182,182,182,182,182,182,182,182,182,508,508,508,508,508,508,148,148,148
541,148,184,582,583,182,182,182,326,327,292,293,291,267,268,269,270,284,327,281,283,284,282,282,283,284,282,283,282,283,284,282,283,162,163,283,284,162,163,202,202,162,162,163,202,202,450,450,362,363,364,361,402,410,404,404,410,410,410,324,322,450,410,410,410,410,364,362,324,322,323,306,303,304,305,306,303,304,305,306,314,315,353,353,353,353,353,316,317,304,352,353,352,353,352,353,303,304,305,182,182,182,182,182,182,182,182,182,182,182,182,544,508,544,544,544,544,184,148,148
541,583,583,583,440,441,442,443,362,363,292,293,291,291,304,305,306,324,284,322,323,324,322,323,324,322,323,324,322,323,324,322,162,163,163,323,324,162,162,163,364,202,162,163,163,403,404,401,402,403,404,401,282,450,284,284,450,450,410,410,410,410,450,410,450,450,362,363,364,362,363,342,339,340,390,391,284,282,341,342,350,351,388,388,389,352,388,389,390,340,316,317,316,317,353,318,339,340,341,182,182,182,182,182,182,182,182,182,182,182,182,182,544,508,508,508,508,148,148,148
541,506,507,623,476,477,478,479,182,182,364,365,327,291,291,341,342,282,324,284,363,364,362,363,364,362,363,364,362,363,364,362,162,163,203,363,364,202,202,162,162,163,202,162,163,162,162,163,321,162,163,324,321,322,323,324,321,282,450,450,450,450,284,450,410,284,282,283,284,282,283,378,375,376,430,431,324,322,377,378,375,376,377,378,375,376,377,378,375,376,352,353,352,353,352,354,375,376,377,182,182,182,182,182,182,182,182,182,182,182,182,182,182,508,508,544,544,148,148,148
541,542,543,622,512,513,514,515,182,182,400,401,182,291,291,377,378,375,376,282,283,284,282,283,284,282,283,284,282,283,284,162,163,163,282,283,284,282,202,202,162,162,163,162,163,202,202,203,162,163,203,364,361,362,363,364,361,322,323,324,322,323,324,450,410,410,410,323,324,322,323,316,317,390,391,363,364,362,269,270,267,268,226,270,267,268,269,270,267,268,388,389,388,389,388,390,267,268,269,182,182,182,182,182,182,182,182,182,182,182,182,182,182,544,544,544,184,148,148,184
540,506,507,623,548,549,550,551,182,182,182,182,182,291,327,269,270,267,268,322,323,324,322,323,324,322,323,324,322,323,324,162,162,162,162,162,162,163,202,203,202,202,203,163,163,162,162,163,202,162,163,404,401,402,403,162,162,163,363,364,362,363,364,362,450,450,410,410,364,362,363,356,357,430,431,283,284,282,305,306,303,304,226,282,283,304,305,306,303,304,305,306,303,304,305,306,303,304,305,182,182,182,182,182,182,182,182,182,182,182,182,182,182,182,182,184,184,148,148,182
540,542,543,623,623,622,622,623,182,182,182,182,182,291,304,305,306,303,304,226,306,303,341,342,226,226,226,342,361,362,363,202,162,202,202,162,202,203,162,202,203,163,202,203,163,202,202,203,162,163,163,284,281,282,282,202,202,203,283,284,282,283,284,282,283,410,450,410,284,282,283,284,282,283,322,323,324,322,282,283,284,282,283,322,323,283,284,282,283,284,341,342,339,340,341,342,339,340,341,182,182,182,182,182,182,182,182,182,182,182,182,182,182,182,182,475,184,184,148,182
540,541,148,184,182,622,623,182,182,182,182,182,182,291,291,341,342,339,340,226,226,226,226,281,282,283,284,281,282,283,403,404,162,163,163,163,162,202,202,202,203,203,163,202,203,322,323,162,163,163,203,324,321,322,162,163,202,203,323,162,163,323,324,322,323,450,322,450,324,322,323,324,322,323,362,363,364,362,322,323,324,322,323,362,363,323,324,322,323,324,377,378,375,376,377,378,375,376,377,220,221,222,182,182,182,182,182,182,182,182,182,182,182,182,182,511,184,184,148,148
540,541,583,148,182,182,582,582,583,182,182,182,182,327,291,377,378,375,376,377,378,375,269,321,322,323,324,321,322,323,283,162,163,163,203,163,202,162,163,202,202,203,203,283,361,362,363,202,203,203,363,364,361,362,202,203,202,203,363,202,162,163,364,362,410,450,362,363,364,362,363,364,362,363,282,283,284,282,362,363,364,362,363,282,283,363,364,362,363,364,269,270,267,268,269,270,267,268,269,182,220,221,222,182,182,182,182,182,182,182,182,182,182,182,182,547,184,148,148,184
540,541,623,583,148,582,582,583,583,182,182,182,182,267,291,291,270,267,268,269,270,267,268,361,362,363,364,361,362,363,162,163,163,203,203,203,162,163,163,202,203,321,322,323,324,321,322,202,203,163,322,323,324,162,163,202,203,203,163,163,202,162,163,282,450,410,282,283,284,282,283,284,282,283,322,323,324,322,282,283,284,282,283,322,323,283,284,282,283,282,283,284,282,283,305,306,303,304,305,256,257,256,260,182,182,182,182,182,182,182,182,182,182,182,182,184,184,148,148,184
541,622,623,623,583,583,582,583,623,182,182,182,182,182,327,291,291,303,304,305,306,303,304,401,402,403,404,162,163,163,163,163,203,283,284,282,162,163,162,162,163,361,362,363,364,361,362,363,202,203,362,162,163,202,203,163,202,203,163,203,163,162,162,410,410,450,322,323,324,322,323,324,410,410,410,363,364,362,322,323,324,322,323,362,363,323,324,322,323,162,162,162,162,163,162,163,339,340,267,256,256,256,296,182,182,182,182,182,182,182,182,182,182,182,148,184,184,148,184,182
541,148,506,507,582,583,440,441,442,443,182,182,182,182,182,327,291,339,340,341,342,339,340,281,282,283,162,163,163,203,203,203,322,323,324,322,202,203,202,202,203,401,402,403,404,162,163,163,404,401,162,163,163,203,203,203,202,203,203,202,203,202,162,410,450,364,362,363,364,362,363,364,450,410,450,362,410,410,362,363,364,362,363,364,162,162,163,362,363,202,202,202,202,203,202,203,375,376,303,304,305,306,303,182,182,182,182,182,182,182,182,182,182,182,184,184,184,184,184,182
148,148,506,507,583,583,476,477,478,479,182,182,182,182,182,291,291,375,376,377,378,282,283,321,322,323,162,163,203,323,283,284,362,410,364,362,363,364,202,203,364,281,282,283,162,163,163,203,163,281,162,163,162,162,162,163,203,202,203,162,162,162,162,450,163,163,163,163,284,282,283,284,282,410,410,410,450,450,282,283,284,282,283,162,162,163,162,163,283,202,203,270,267,268,269,162,163,162,162,163,341,342,339,182,182,182,182,182,182,182,182,182,182,182,184,182,184,184,184,182
148,148,542,543,583,623,512,513,514,515,182,182,182,182,182,291,291,267,268,269,270,322,323,361,362,363,202,203,362,363,305,306,282,450,284,282,283,284,202,203,284,321,322,162,163,203,203,162,162,162,162,162,202,202,162,163,202,203,203,162,202,202,202,450,163,163,203,203,162,163,323,410,410,450,450,450,450,324,322,323,324,322,323,410,410,410,162,162,163,202,203,284,303,304,305,162,162,202,202,203,377,378,375,182,182,182,182,182,182,182,182,182,182,182,184,148,184,182,184,182
148,506,507,583,583,440,441,442,443,551,182,182,182,182,182,327,327,303,304,305,306,362,363,401,402,410,410,284,282,283,284,282,322,323,324,322,323,324,322,410,324,283,362,202,203,202,202,202,202,162,163,163,202,162,163,163,163,163,202,202,202,162,163,163,163,163,163,163,202,162,163,450,450,450,450,410,363,364,362,363,364,362,363,450,450,450,163,163,163,202,203,324,339,340,341,202,202,203,267,268,269,270,267,182,182,182,182,182,182,182,182,182,182,182,582,582,583,148,184,182
148,506,507,583,623,476,477,478,479,182,182,291,257,257,257,257,257,339,340,341,342,339,340,281,282,450,410,410,322,323,324,322,362,363,364,362,363,364,362,450,364,323,402,403,404,162,162,163,163,162,163,203,404,202,203,163,163,203,203,162,163,163,163,203,203,203,163,203,284,162,162,450,450,283,450,450,283,284,282,283,284,282,283,284,202,203,203,203,163,202,203,163,284,282,283,284,375,376,303,304,305,306,303,182,182,182,182,182,182,182,182,182,182,182,622,622,623,184,184,182
184,542,543,623,148,512,513,514,515,182,182,291,267,268,269,270,267,268,282,283,284,282,283,284,282,450,450,410,410,363,364,362,282,283,284,410,283,284,282,283,284,363,282,283,284,202,162,163,203,163,163,283,284,202,203,203,163,202,203,202,203,203,203,202,202,162,163,323,162,163,163,163,203,410,410,410,323,324,322,323,324,322,323,324,322,323,202,203,203,202,203,203,324,322,323,324,267,268,339,340,341,342,339,182,182,182,182,182,182,182,182,182,182,182,182,182,182,184,184,148
184,148,148,582,582,548,549,550,551,182,182,291,303,304,305,306,303,304,322,323,324,322,323,324,322,323,283,450,410,410,284,282,410,410,324,450,323,324,322,323,324,283,322,323,324,321,202,203,203,203,203,323,324,321,202,203,203,362,202,203,203,202,202,202,203,162,163,363,202,203,203,410,410,450,450,450,363,364,362,363,364,362,363,364,362,363,364,362,363,364,362,363,364,362,363,364,303,304,305,182,182,182,182,182,182,182,182,182,182,182,182,182,182,182,182,182,182,184,184,148
148,148,148,622,582,583,583,182,182,182,182,291,339,340,341,342,282,283,284,282,283,362,363,364,282,283,323,324,450,450,410,410,450,450,322,323,324,322,323,324,322,323,436,437,438,439,322,323,364,361,362,363,364,361,162,163,163,282,283,284,282,283,162,163,163,163,203,410,410,410,410,450,450,283,284,282,283,284,282,283,284,282,283,284,282,283,284,282,283,282,282,283,284,162,163,282,283,284,341,182,182,182,182,182,182,182,182,182,182,182,182,182,182,182,182,182,182,182,182,148
148,148,148,506,507,583,583,182,182,182,291,291,375,376,377,378,322,323,324,322,323,282,283,284,322,323,363,364,410,410,450,450,450,410,362,363,364,362,363,364,362,363,377,378,375,376,362,363,375,376,377,378,162,163,163,163,203,322,323,324,322,323,162,162,163,203,322,450,450,410,450,324,322,323,324,322,323,324,322,323,410,322,323,324,322,323,324,322,323,324,322,323,324,202,203,322,323,324,377,267,268,269,270,182,182,182,182,182,182,182,182,182,182,182,182,182,182,182,182,148
148,184,148,542,543,623,623,182,182,182,327,291,267,268,269,270,267,268,269,362,363,268,269,270,362,363,283,410,450,450,284,282,410,450,282,283,284,282,283,284,282,283,269,270,267,268,282,283,267,268,269,270,162,163,203,203,364,362,363,364,362,162,163,162,163,163,362,363,364,450,450,364,362,363,364,362,363,364,362,363,450,362,363,364,362,363,364,362,363,364,362,363,364,362,363,362,363,364,269,303,304,305,306,182,182,182,182,182,182,182,182,182,182,182,182,182,182,182,182,148
148,184,506,507,583,148,182,182,182,182,182,291,303,304,305,306,303,304,305,306,303,304,305,306,282,283,410,450,450,323,324,322,450,324,322,323,324,322,410,324,322,323,305,306,303,304,322,323,303,304,305,306,162,163,282,283,284,282,283,284,282,202,203,202,203,203,282,283,284,282,283,284,282,283,284,282,283,284,282,283,282,283,284,282,283,283,284,282,282,283,284,282,283,284,305,282,283,284,305,339,340,341,342,182,182,182,182,182,182,182,182,182,182,182,182,182,182,148,148,148
148,148,542,543,583,583,182,182,182,182,291,327,339,340,341,342,339,340,341,342,339,340,341,342,322,323,450,364,362,363,364,362,363,364,362,363,364,362,450,364,282,283,341,342,339,340,341,342,339,340,341,342,436,437,438,439,324,282,283,284,282,282,283,282,283,324,322,323,324,322,323,282,283,323,324,322,323,324,322,323,322,323,324,322,323,323,324,322,322,323,324,322,323,324,341,322,323,324,341,375,376,377,378,182,182,182,182,182,182,182,182,182,182,182,182,182,182,184,184,148
148,184,582,582,440,441,442,443,182,182,291,291,291,291,377,378,375,376,377,378,375,376,377,378,375,282,450,284,282,283,284,282,283,284,282,283,284,282,283,284,322,323,377,378,375,376,377,378,375,376,377,378,375,376,377,378,375,322,323,324,322,322,323,322,314,315,377,378,375,376,377,322,314,315,377,378,375,376,377,378,362,363,364,362,363,376,377,378,362,436,437,438,439,364,377,362,363,364,377,267,268,269,270,182,182,182,182,182,182,182,182,182,182,182,182,182,182,184,148,148
148,582,583,582,476,477,478,479,182,182,327,327,291,327,269,270,267,268,269,270,267,268,269,270,267,322,323,324,322,323,324,322,323,324,322,323,324,322,323,324,362,363,269,270,267,268,269,270,267,268,269,270,267,268,269,270,267,362,363,364,362,362,363,362,354,355,269,270,267,268,269,362,354,355,269,270,267,268,269,270,282,283,284,282,283,268,269,270,267,268,269,270,267,268,269,282,283,284,269,303,304,305,306,182,182,182,220,221,222,182,182,182,182,182,182,182,182,184,148,148
148,622,623,582,512,513,514,515,182,182,182,182,291,304,305,306,303,304,305,306,303,304,305,306,303,362,363,364,362,363,364,362,363,364,362,363,364,362,363,364,282,283,305,306,303,304,305,306,303,304,305,306,303,304,305,306,303,282,283,284,282,282,283,282,394,395,305,306,303,304,305,282,394,395,305,306,303,304,305,306,322,323,324,410,410,410,283,284,303,304,305,306,303,304,305,306,303,304,305,339,340,341,342,256,256,256,256,257,258,182,182,182,182,182,182,182,582,583,184,148
184,184,506,507,548,549,550,551,182,182,182,291,291,340,341,342,339,340,341,342,339,340,341,342,339,340,341,342,339,340,341,303,304,305,282,303,304,226,226,342,322,323,341,342,339,340,341,342,339,340,341,342,339,340,341,342,339,340,341,342,339,322,323,342,339,340,341,342,339,340,341,342,339,340,341,342,339,340,341,342,339,340,341,450,450,410,323,324,339,340,341,342,339,267,268,269,270,267,268,269,270,267,268,269,270,267,268,269,270,182,182,182,182,182,182,182,622,623,182,148
148,184,542,543,182,182,182,182,182,182,182,291,291,291,291,291,291,291,268,269,270,267,268,267,268,269,270,267,268,376,377,339,340,341,322,339,340,268,269,270,362,363,269,270,267,268,269,270,375,376,377,378,375,376,377,378,375,376,377,378,375,362,363,378,375,376,377,378,375,376,377,378,375,376,377,378,375,376,377,378,375,410,268,450,270,450,363,364,270,267,377,378,375,303,304,305,306,303,304,305,306,303,304,305,306,303,304,305,306,182,182,182,182,182,182,182,182,184,182,148
148,148,542,-536870369,-536870405,-536870405,182,182,182,182,182,327,327,327,327,327,327,291,304,305,306,303,304,303,304,305,306,303,304,182,291,375,376,377,378,375,376,304,305,306,282,283,305,306,303,304,305,306,258,182,182,182,182,182,182,182,182,291,268,269,270,267,268,269,270,267,268,269,270,267,268,269,270,267,182,182,182,291,268,269,270,450,304,450,306,282,283,284,306,303,182,182,291,339,340,341,342,339,340,341,342,339,340,341,342,339,340,341,342,182,182,182,182,182,182,182,182,182,182,148
148,148,148,-536870370,-536870406,-536870406,182,182,182,182,182,182,182,182,182,291,291,291,340,341,342,339,340,339,340,341,342,339,226,182,291,291,268,269,270,267,268,340,341,342,339,340,341,342,339,340,341,342,294,182,182,182,182,182,182,182,182,291,304,305,306,303,304,305,306,303,304,305,306,303,304,305,306,303,182,182,182,291,304,305,306,303,340,450,342,322,323,324,342,339,182,182,291,375,376,377,378,375,376,377,378,375,376,377,378,375,376,377,378,182,182,182,182,182,182,182,182,182,182,148
148,148,148,184,148,148,506,507,182,182,182,182,182,182,182,327,291,327,376,377,378,375,376,375,376,377,378,226,376,182,291,291,304,305,306,303,304,376,377,378,375,376,377,378,375,376,377,378,330,182,182,182,182,182,182,182,291,291,340,341,342,339,340,341,342,339,340,341,342,339,340,341,342,339,182,182,182,291,340,341,342,339,376,450,378,362,363,364,378,375,182,182,291,267,268,269,270,267,268,269,270,267,268,269,270,267,268,269,270,182,182,182,182,182,182,182,182,148,148,148
184,148,470,471,583,184,542,543,182,182,182,182,182,182,182,182,291,267,268,269,270,267,268,269,270,182,182,182,182,182,291,327,340,341,342,339,340,268,269,270,267,268,269,270,267,268,269,270,366,182,182,182,182,182,182,182,291,327,376,377,378,375,376,377,378,375,376,377,378,375,376,377,378,375,182,182,182,291,291,291,378,375,268,269,270,267,268,269,270,267,182,182,291,303,304,305,306,303,304,305,306,303,304,305,306,303,304,305,306,182,182,182,182,182,182,182,148,184,148,148
184,148,506,507,583,184,506,507,182,182,182,182,182,182,182,182,291,303,304,305,306,303,304,305,306,182,182,182,182,182,291,291,376,377,378,375,376,304,305,306,303,304,305,306,303,304,305,256,257,258,182,182,182,182,182,182,291,267,268,269,270,267,268,269,270,267,268,269,270,267,268,269,270,267,182,182,182,327,327,291,291,267,304,305,306,303,304,305,306,303,182,182,291,339,340,341,342,339,340,341,342,339,340,341,342,339,340,341,342,182,182,182,182,182,182,148,184,148,148,148
148,184,542,543,583,184,542,543,582,583,182,182,182,182,182,182,291,291,340,341,342,339,340,341,342,182,182,182,182,182,327,291,291,269,291,291,268,340,341,342,339,340,341,342,339,340,341,292,293,294,182,182,182,182,182,291,291,303,304,305,306,303,304,305,306,303,304,305,306,303,304,305,306,303,182,182,182,182,182,327,291,339,340,341,342,339,340,341,342,339,182,182,291,375,376,377,378,375,376,377,378,375,376,377,378,375,376,377,378,182,182,182,182,182,182,184,148,148,148,148
148,148,506,507,623,582,583,583,583,623,182,182,182,182,182,182,327,291,291,291,291,291,376,377,378,182,182,182,182,182,182,327,291,291,327,291,375,376,377,378,375,376,377,378,375,376,377,328,329,330,182,182,182,182,182,327,291,291,340,341,342,339,340,341,342,339,340,341,342,339,340,341,342,339,182,182,182,182,182,182,291,375,376,377,378,375,376,377,378,375,182,182,291,267,268,269,270,267,268,269,270,267,268,269,270,267,268,269,270,182,182,182,182,182,148,184,184,148,148,184
184,148,506,507,582,583,583,623,623,182,182,182,182,182,182,182,182,291,291,327,327,327,182,182,182,182,182,182,182,182,182,182,327,327,327,291,267,268,269,270,267,268,269,270,267,268,269,256,257,366,258,182,182,182,182,182,327,291,376,377,378,375,376,377,378,375,376,377,378,375,376,377,378,375,182,182,182,182,182,182,291,267,268,269,270,267,268,269,270,267,182,182,291,291,304,305,306,303,304,305,306,303,304,305,306,303,304,305,306,182,182,182,182,182,184,148,184,184,148,182
184,184,506,507,583,583,623,182,182,182,182,182,182,182,182,182,182,327,327,327,182,182,182,182,182,182,182,182,182,182,182,182,182,182,182,291,291,304,305,306,303,304,305,306,303,304,305,292,293,257,294,182,182,182,182,182,182,291,268,269,270,267,268,269,270,182,182,182,182,182,182,182,182,182,182,182,182,182,182,291,291,303,304,305,306,303,304,305,306,303,182,182,327,291,340,341,342,339,340,341,342,339,340,341,342,339,340,341,342,182,182,182,182,182,184,184,184,184,148,148
184,148,542,543,583,623,182,182,182,182,182,182,182,182,182,182,182,182,182,182,182,182,182,182,182,182,182,182,182,182,182,182,182,182,182,327,291,340,341,342,339,340,341,342,339,340,341,328,329,293,330,182,182,182,182,182,291,291,304,305,306,303,304,305,306,182,182,182,182,182,182,182,182,182,182,182,182,182,182,327,291,291,340,341,342,339,340,341,342,339,182,182,291,291,376,377,378,375,376,377,378,375,376,377,378,375,376,377,378,182,182,182,182,182,184,184,184,148,148,148
505,506,582,583,623,182,182,182,182,182,182,182,182,182,182,182,182,182,182,182,182,182,182,182,182,182,182,182,182,182,182,182,182,182,182,291,291,376,377,378,375,376,377,378,375,376,377,256,257,329,366,182,182,182,182,148,327,291,291,341,342,339,340,341,342,182,182,182,182,182,182,182,182,182,182,182,182,182,182,182,327,291,376,377,378,375,376,377,378,375,182,182,327,291,268,269,270,267,268,269,270,267,268,269,270,267,268,269,270,182,182,182,182,182,182,582,583,148,184,148
541,506,582,-1073741281,-1073741282,148,148,182,182,182,182,182,182,182,182,182,182,182,182,182,182,182,182,182,182,182,182,182,182,182,182,182,182,182,182,291,327,268,269,270,267,268,269,270,267,268,269,292,293,258,182,182,182,182,182,148,182,327,291,182,182,182,182,182,182,182,182,182,182,182,182,182,182,182,182,182,182,182,182,182,182,327,268,269,270,267,268,269,270,267,182,182,182,327,304,305,306,303,304,305,306,303,304,305,306,303,304,305,306,182,182,182,182,182,182,582,583,148,184,148
541,506,582,-1073741317,-1073741318,148,148,148,148,182,182,182,182,182,182,182,182,182,182,182,182,182,182,182,182,182,182,182,182,182,182,182,182,182,182,291,291,304,305,306,303,304,305,306,303,256,257,256,257,294,182,182,182,182,182,148,182,182,327,182,182,182,182,182,182,182,182,182,182,182,182,182,182,182,182,182,182,182,182,182,182,182,182,182,182,182,182,182,182,182,182,182,182,182,182,182,182,148,182,182,182,182,182,182,182,182,182,182,182,182,182,182,182,182,182,582,583,184,184,148
541,506,582,583,182,148,148,148,148,148,148,148,506,507,182,182,182,182,182,182,182,182,182,182,182,182,182,182,182,182,182,182,182,182,182,291,291,291,291,342,256,257,256,257,339,292,293,292,293,330,182,182,182,182,148,148,182,182,182,182,182,182,182,182,182,182,182,182,182,182,182,182,182,182,182,182,182,182,182,182,182,182,182,182,182,182,182,182,182,182,182,182,182,182,182,182,182,184,148,182,182,182,182,182,182,182,182,182,182,182,148,148,148,182,182,622,623,184,184,148
541,506,582,-1073741281,-1073741282,184,148,184,184,184,184,148,542,543,148,182,182,182,148,148,182,182,182,182,182,182,182,182,182,182,148,182,182,182,182,327,327,327,291,182,292,293,292,293,256,257,329,328,329,366,182,182,182,148,184,148,148,182,182,182,182,182,182,182,182,182,182,182,182,182,182,182,148,148,148,148,182,182,182,148,148,148,148,182,182,182,182,182,182,182,182,182,182,544,545,546,148,184,148,182,182,182,182,182,182,182,182,182,182,182,184,148,148,182,544,545,546,184,184,148
541,506,507,-1073741317,-1073741318,507,582,582,583,184,148,506,507,582,582,583,182,148,184,148,148,182,182,182,182,182,182,148,148,182,184,506,507,182,182,182,182,182,327,182,328,329,328,329,292,293,182,182,182,182,182,148,148,184,184,184,148,182,182,148,148,182,182,182,182,182,182,182,182,544,545,546,184,184,148,148,182,148,148,184,184,184,184,148,182,182,182,182,182,182,182,182,182,580,581,582,184,184,148,182,182,182,148,148,148,182,182,182,182,148,582,583,583,148,580,581,582,148,184,184
541,542,543,-1073741281,-1073741282,543,582,583,623,148,148,542,543,622,582,583,148,184,184,184,148,148,148,182,182,148,544,545,546,148,184,506,507,182,148,182,182,182,182,182,182,182,148,148,328,329,148,148,148,182,182,184,184,184,184,148,148,148,148,148,148,182,182,148,148,182,182,182,182,580,581,582,148,184,184,148,182,184,184,148,148,148,148,184,148,148,182,182,182,182,182,182,148,616,617,618,184,148,148,148,148,148,184,184,148,182,182,182,148,184,622,623,623,148,616,617,618,184,184,184
541,578,579,-1073741317,-1073741318,184,582,583,184,148,148,184,184,184,622,623,148,148,148,148,184,148,148,148,582,582,580,581,582,148,148,542,543,148,148,148,148,148,148,182,148,182,148,148,148,148,148,148,148,182,182,184,184,184,148,148,184,184,148,184,148,148,148,148,148,182,148,148,182,616,617,618,184,184,148,184,182,148,148,148,148,148,148,148,148,148,148,182,182,182,148,148,184,184,148,148,184,148,148,184,148,148,148,148,148,148,182,148,184,184,148,148,148,582,583,148,148,148,148,184
541,505,184,184,184,504,505,505,505,505,505,505,505,505,505,505,505,505,505,505,505,505,505,505,505,622,616,617,618,148,148,148,148,184,148,582,582,582,583,148,148,182,148,184,184,148,148,184,184,182,182,184,148,504,505,505,505,505,505,505,505,505,505,505,505,505,505,505,505,505,505,184,148,148,504,505,505,505,505,505,505,505,505,505,505,505,505,505,505,505,505,505,505,505,505,148,148,184,184,148,184,184,504,504,505,184,148,184,184,148,184,505,504,504,504,505,583,184,184,184
541,541,505,505,505,505,505,541,541,541,541,541,541,541,541,541,541,541,541,541,541,541,541,541,541,505,505,505,505,505,505,505,505,505,505,505,505,505,505,505,505,505,505,504,505,148,148,148,148,148,148,184,504,505,505,541,541,541,541,541,541,541,541,541,541,541,541,541,541,541,541,505,505,505,505,505,541,541,541,541,541,541,541,541,541,541,541,541,541,541,541,541,541,541,541,505,505,505,505,505,505,505,505,505,505,184,184,184,184,505,504,504,504,505,505,505,505,505,505,506
